{"cameraMode":{"drawMode":0,"name":"Shaded","section":"Shading Mode"},"sceneLighting":true,"audioPlay":false,"sceneViewState":{"m_AlwaysRefresh":false,"showFog":true,"showSkybox":true,"showFlares":true,"showImageEffects":true,"showParticleSystems":true,"showVisualEffectGraphs":true,"m_FxEnabled":true},"in2DMode":false,"pivot":{"x":-0.06811141967773438,"y":6.499398231506348,"z":33.9329833984375},"rotation":{"x":0.07160716503858566,"y":0.024531664326786996,"z":0.0017618084093555809,"w":-0.9971278309822083},"size":19.0758113861084,"orthographic":false}